livraison Livraison gratuite; Zalando; PROMOTER - Baskets montantes
livraison Livraison gratuite; Zalando; VIVIDLY - Escarpins
livraison Livraison gratuite; DeFacto; Chemisier
livraison Livraison gratuite; Zalando; ONSIASON SLIM TEE - T-shirt imprimé
livraison Livraison gratuite; Oneill; BAAY MAOI - Bikini
livraison Livraison gratuite; Zalando; JDYBRILLIANT HOOD CARDIGAN - Gilet
livraison Livraison gratuite; DeFacto; REGULAR FIT - Parka
livraison Livraison gratuite; BESTSELLER; FILLI V NECK GA NOOS - T-shirt basique
livraison Livraison gratuite; Zalando; T-shirt Ã  manches longues
livraison Livraison gratuite; Vans; DEANA - Sac de randonnée
livraison Livraison gratuite; Vans; LEFT CHEST LOGO TEE - T-shirt basique
livraison Livraison gratuite; Steve Madden; BVITAL - Sac bandoulière
livraison Livraison gratuite; Zalando; CHARLIZE - Escarpins Ã  plateforme
livraison Livraison gratuite; Zalando; VALA - Escarpins
livraison Livraison gratuite; Zalando; ICE - T-shirt basique
livraison Livraison gratuite; Zalando; MID CUT SHOE REBOUND 2.0 - Chaussures de basket
livraison Livraison gratuite; Quiksilver; EVERYDAY VOLLEY - Short de bain
livraison Livraison gratuite; Zalando; T-shirt Ã  manches longues
livraison Livraison gratuite; Zalando; Sweat Ã  capuche zippé
livraison Livraison gratuite; Zalando; 3 POINT - Chaussures fitness
livraison Livraison gratuite; Zalando; CHALLENGER UNISEX - Short de sport
livraison Livraison gratuite; modeherz; VIKKY - Cabas
livraison Livraison gratuite; Vans; OLD SKOOL - Sac Ã  dos
livraison Livraison gratuite; PUMA; GRAVITON AC UNISEX - Baskets basses
livraison Livraison gratuite; Zalando; CLUB HOODIE - Sweat Ã  capuche
livraison Livraison gratuite; Oneill; CALI - Short de bain
livraison Livraison gratuite; Zalando; LOW CUT SHOE REBOUND 2.0 UNISEX - Chaussures de basket
livraison Livraison gratuite; Zalando; LOW CUT SHOE JOLT - Chaussures de course
livraison Livraison gratuite; Zalando; RENEW IN SEASON TR 12 - Chaussures fitness
livraison Livraison et retour gratuits; WE Fashion; Polo
livraison Livraison et retour gratuits; Victoria Hyde; UHR PRAGUE - Montre
livraison Livraison gratuite; Zalando; PRINTED DUNE SKY TANKLETTE - Débardeur
livraison Livraison gratuite; Superdry; STUDIOS - Débardeur
livraison Livraison gratuite; Misako; LAMITA - Sac bandoulière
livraison Livraison gratuite; Guess; ALLOVER LOGO - Blouson
livraison Livraison gratuite; Zalando; LOW CUT SHOE REBOUND 2.0 UNISEX - Chaussures de basket
livraison Livraison gratuite; Brand Trotter; Sweat Ã  capuche
livraison Livraison gratuite; ProFashion GmbH; Jean flare
livraison Livraison gratuite; ProFashion GmbH; LONG STYLE - Gilet
livraison Livraison gratuite; ProFashion GmbH; STRETCH MIT ZIERNAHT - Legging
livraison Livraison gratuite; Zalando; YASLIZZIE STRAIGHT PANT - Pantalon classique
livraison Livraison gratuite; Zalando; YASRINGO HIGH WAIST FLARED PANT CELEB - Pantalon classique
livraison Livraison gratuite; Zalando; YASLIZZIE BUSTIER CELEB - Débardeur
livraison Livraison gratuite; Zalando; PALPITI - Jean bootcut
livraison X; Ellos Group;" ""BABBA - Veste dhiver"""
livraison X; engelhorn;" ""TJCU REVERSIBLE CROPPED COACH - Veste dhiver"""
livraison X; Gerry Weber Retail GmbH; 1/2 ARM KURZARM - Polo
livraison X; Zalando; 2 PACK - Haut de pyjama
livraison X; Zalando; 3 POINT - Chaussures fitness
livraison X; Gerry Weber Retail GmbH; 3/4 ARM - T-shirt Ã  manches longues
livraison X; MAISON MONTAGUT; Ã€ CAPUCHE AVEC POCHES EN - FABIO - Sweat Ã  capuche
livraison X; Reebok; AC DREAMBLEND - T-shirt Ã  manches longues
livraison X; Quiksilver; AIRFLOW KURZÃ„RMLIGES - Chemise
livraison Livraison gratuite; Zalando; AIRTAG LOOP - Autres accessoires
livraison X; Zalando; ALEX MINI DRESS SENORITA - Robe de soirée
livraison X; Guess; ALLOVER LOGO - Blouson
livraison X; BESTSELLER; AMONG US - T-shirt imprimé
livraison X; Claudie Pierlot; ANATOLE - Escarpins
livraison X; Zalando; ANJA DRESS - Robe pull
livraison Livraison gratuite; Zalando; APPLE 12W USB POWER ADAPTER - Cable chargeur
livraison X; Stylefile; ASHBURN PUFFER - Veste mi-saison
livraison X; Zalando; AYAS - Sweatshirt
livraison X; surf4shoes; Baskets basses
livraison X; Zalando; Baskets basses
livraison X; Quiksilver; BAYRISE EQYFT04763 - Sweatshirt
livraison X; SHIWI; BEAU - Bikini
livraison X; Etam Paris; BELLI - Haut de pyjama
livraison X; Roxy; BETTER THAN EVER - Débardeur
livraison X; Quiksilver; BIG LOGO HOOD - Sweat Ã  capuche
livraison Livraison gratuite; Zalando; BLACKHEAD EXTRACTOR TOOL - Accessoires soin du corps
livraison X; Zalando; Blouse
livraison X; Brand Trotter; Blouson Bomber
livraison X; Element; BLUNT POUR HOMME ELYKT - T-shirt Ã  manches longues
livraison X; Vans; BOOM BOOM CHECK IT - Sweat Ã  capuche
livraison X; FILA; BORMIO REGULAR - T-shirt imprimé
livraison X; Place du Marais; Bottes de neige
livraison X; Bershka; BOXY - T-shirt imprimé
livraison X; Oneill; CALI - Short de bain
livraison X; Zalando; CALL MY LAWYER ACT NOW UNISEX - T-shirt imprimé
livraison X; Etam Paris; CAPTIVANTE - Soutien-gorge Ã  armatures
livraison X; Zalando; CARDIGAN VANESSA - Gilet
livraison X; Brand Trotter; CASUAL - Chemise
livraison X; Brand Trotter; CASUAL - Sweatshirt
livraison X; Brand Trotter; CASUAL - Veste en cuir
livraison X; Zalando; CHARLIZE - Escarpins Ã  plateforme
livraison X; Brand Trotter; CHECKED - Chemisier
livraison X; Brand Trotter; CHECKED - Débardeur
livraison X; America Today; Chemise
livraison X; DeFacto; Chemise
livraison X; Desigual; Chemise
livraison X; Desigual; Chemisier
livraison X; Brand Trotter; Chemisier
livraison X; DeFacto; Chemisier
livraison X; MAISON MONTAGUT; COL V EN - EVANN - Pullover
livraison X; MAISON MONTAGUT; COL V EN - Pullover
livraison X; Minoti PL; COMBAT - Pantalon de survÃªtement
livraison X; Zalando; Combinaison
livraison X; ARMEDANGELS; COMFORT BAARO - Sweatshirt
livraison X; Zalando; CONTRAST FLORAL EMBROIDERED PUFF SLEEVE - Robe de cocktail
livraison X; Zalando; CONTRAST RAGLAN - T-shirt Ã  manches longues
livraison X; Element; CORNELL - Sweat Ã  capuche
livraison X; Element; CORNELL - Sweatshirt
livraison X; Element; CRAIL 3 0 - POUR ELYKT00120 - T-shirt basique
livraison X; Scotch & Soda; CROPPED - Chemisier
livraison X; Zalando; DAROS UNISEX - Sandales
livraison X; engelhorn; DEFEAT - Pullover
livraison X; Outfitter; DESIGNED FOR TRAINING - T-shirt basique
livraison Livraison gratuite; Zalando; DETANGLER PADDLE PRO - Accessoires cheveux
livraison Livraison gratuite; Zalando; DETANGLING COMB - Accessoires cheveux
livraison X; heyconnect; DOPPELPACK - Collants
livraison X; Brand Trotter; DOUBLE SIDE - Veste en cuir
livraison X; Zalando; EAST WEST DRESS - Robe de jour
livraison X; Zalando; ELOISA - Blazer
livraison X; Reebok; ENERGEN - Chaussures de running neutres
livraison X; #supportthestores; EVEREST FUNDUS - Mules
livraison X; Quiksilver; EVERYDAY DELUXE VOLLEY - Short de bain
livraison X; Quiksilver; EVERYDAY VOLLEY - Short de bain
livraison X; Minimum; FIENNA - T-shirt Ã  manches longues
livraison X; Zalando; FILLI V NECK GA NOOS - T-shirt basique
livraison X; adidas; FIREBIRD TP - Pantalon de survÃªtement
livraison Livraison gratuite; Zalando; FLEX DRY PRO - Accessoires cheveux
livraison X; Popken; FLORAL PRINT - Blouse
livraison X; P4 Markets; FLORIANE - Pantalon classique
livraison X; Zalando; GEL QUANTUM 90 GS - Baskets basses
livraison X; DK company; GENNIKB - Blouse
livraison X; DK company; GIGIKB - Pullover
livraison X; C&A Mode GmbH & Co. KG; Gilet
livraison X; Zalando; GLADYS - Bottines Ã  plateau
livraison Livraison gratuite; Zalando; GO GREEN CURLY DETANGLER - Accessoires cheveux
livraison X; Zalando; HARD TIMES PHYSICAL THERAPY UNISEX - T-shirt imprimé
livraison X; WAXX STORE; HELSINKI - Doudoune
livraison X; Brand Trotter; HIGH COLLAR - Veste en cuir
livraison X; Reebok; IDENTITY CLASSICS - T-shirt basique
livraison X; Etam Paris; IDOLE - Soutien-gorge triangle
livraison X; #supportthestores; J VANIETT - Sandales de randonnée
livraison X; Minimum; JALMAR - Pullover
livraison X; Zalando; JDYALICE SHIRT - Chemisier
livraison X; Zalando; JDYBRILLIANT HOOD CARDIGAN - Gilet
livraison X; Zalando; JDYRACHEL - Blouse
livraison X; Diesel; Jean droit
livraison X; BESTSELLER; JJECORP LOGO SS PLAY NOOS JNR - T-shirt imprimé
livraison X; Zalando; JJHILL HIGH NECK CARDIGAN - Gilet
livraison X; Zalando; KARLO UNISEX - Sandales de randonnée
livraison X; DK company; KCHELLA - Robe de jour
livraison X; DK company; KCJALU BBB - Blouse
livraison X; DK company; KCMEDU - Blouse
livraison X; DK company; KCMITTO - Blouse
livraison X; Diesel; K-ELESTO - Pullover
livraison X; Diesel; K-LARAN - Pullover
livraison X; Zalando; KYLA - Veste mi-saison
livraison X; Gerry Weber Retail GmbH; LANGARM MIT STREIFEN-DESSIN - Pullover
livraison X; Zalando; LAURYN - Santiags
livraison X; Zalando; LOGO TRACK JACKET - Veste de survÃªtement
livraison X; Zalando; LOGO TRACK PANTS - Pantalon de survÃªtement
livraison X; Zalando; LORE N-STRAPS - Sandales
livraison X; Zalando; LORE STRAPS - Sandales
livraison X; Roxy; LOVE THE 360 - Haut de bikini
livraison Livraison gratuite; Zalando; LOW CUT SHOE JAUNT - Chaussures fitness
livraison X; Zalando; LOW CUT SHOE REBOUND 2.0 UNISEX - Chaussures de basket
livraison X; Zalando; LOW CUT SHOE SOFTY EVOLVE UNISEX - Chaussures fitness
livraison X; Zalando; LUKA UNISEX - Baskets basses
livraison X; Zalando; MAGLIA GIROCOLLO - Pullover
livraison X; MAISON MONTAGUT; MANCHES CHAUVE-SOURIS EN - BOXE - Pullover
livraison X; Brand Trotter; Manteau court
livraison X; engelhorn; MARLAN - Gilet
livraison X; Melvin and Hamilton; MARLIN 12 - Santiags
livraison X; Zalando; MARY F - Ballerines
livraison X; ABA LABELS; MATISSE - Manteau classique
livraison X; Zalando; MENS - Pullover
livraison X; WE Fashion; MET RUITDESSIN - Veste polaire
livraison X; Zalando; MID CUT SHOE REBOUND 2.0 MID - Chaussures de basket
livraison X; PUMA; MILAN - Pantalon de survÃªtement
livraison Livraison gratuite; Zalando; MINI DETANGLER PRO - Accessoires cheveux
livraison X; ProFashion GmbH; MIT 3/4 ARM - T-shirt Ã  manches longues
livraison X; Gerry Weber Retail GmbH; MIT BLOCKSTREIFEN - Gilet
livraison X; Happy Girls; MIT PERLENBAND - Robe de soirée
livraison X; ProFashion GmbH; MIT PRINT - Pullover
livraison X; Brand Trotter; MIT RUNDHALSAUSSCHNITT - SurvÃªtement
livraison X; CARLO COLUCCI; MIT SCHRIFTZUG CALDERON - Sweat Ã  capuche
livraison X; Brand Trotter; MIT V AUSSCHNITT - Pullover
livraison X; Zalando; MIX TEXTURE - Pullover
livraison X; ABA LABELS; MONIQ - Robe fourreau
livraison X; Billabong; MORE FUN - Bas de bikini
livraison X; Roxy; NATURALLY ACTIVE - Sweatshirt
livraison X; BESTSELLER; NBMTOBBIE LS BOX - T-shirt Ã  manches longues
livraison X; BESTSELLER; NMFRAFA LS BOX - T-shirt Ã  manches longues
livraison X; Zalando; NOTCH STRIPE FLUTE - Pullover
livraison X; Zalando; ONLEMILY DRESS - Robe de jour
livraison X; Zalando; ORIGINAL - T-shirt basique
livraison Livraison gratuite; Zalando; ORIGINAL DETANGLER - Accessoires cheveux
livraison X; Bershka; OVERSIZE CONTRAST THREAD-01857127 - Sweat Ã  capuche
livraison X; Scotch & Soda; OVERSIZED FLORAL ARTWORK - Sweat Ã  capuche
livraison X; Zalando; PAIX - Chaussures premiers pas
livraison X; Zalando; PAIX UNISEX - Chaussures Ã  scratch
livraison X; Zalando; PALPITI - Jean bootcut
livraison X; Brand Trotter; Pantalon classique
livraison X; ABA LABELS; Pantalon classique
livraison X; Zalando; PCRUKA - T-shirt Ã  manches longues
livraison X; DeFacto; PEDRO - Jean slim
livraison X; ProFashion GmbH; PERFECT BODY MIT REISSVERSCHLUSSTASCHEN - Pantalon classique
livraison X; Zalando; PMHANNE - Jeans Skinny
livraison X; #supportthestores; POLICY - Baskets basses
livraison X; River Island; Polo
livraison X; Zalando; PREMIUM EMBROIDERED AND EMBELLISHED MAXI DRESS - Robe de cocktail
livraison X; BESTSELLER; PRINT - Legging
livraison X; Zalando; PROMOTER - Baskets montantes
livraison X; WE Fashion; Pullover
livraison X; Zalando; Pullover
livraison X; Popken; PZOPFMUSTER OVERSIZED STEHKRAGEN Ã„RMELLOS - T-shirt imprimé
livraison X; Zalando; REBOUND 2.0 - Chaussures fitness
livraison X; WE Fashion; REGULAR FIT MET DESSIN - Chemise
livraison X; Quiksilver; RETRO FADE - Sweat Ã  capuche
livraison X; P4 Markets; Robe pull
livraison X; Zalando; ROSARIO VEGAN - Baskets basses
livraison X; Bershka; ROUND NECK - Pullover
livraison X; Brand; SANS MANCHES SKIN - Veste sans manches
livraison X; Superdry; SHEARLING CHORE - Veste en cuir
livraison X; GoJungo; SILVESTER PARTY HAPPY PEOPLE ONLY - T-shirt imprimé
livraison X; Zalando; SLASH-NECK RUCHED MIDI DRESS - Robe longue
livraison X; Zalando; SLFMONIKA HIGH NECK - T-shirt Ã  manches longues
livraison X; Zalando; SLFSALLI OVERSIZE - Chemisier
livraison X; Etam Paris; Slip
livraison X; Quiksilver; SOLID STREAK SURF LONGSLEEVE MIT UPF 50 - T-shirt Ã  manches longues
livraison X; adidas; STAR - Chaussures de running stables
livraison X;" ""Maniita Lacitta"""; STEFANI - TWEED - Robe de jour
livraison X; Melvin and Hamilton; STEFY - Mocassins
livraison X; BESTSELLER; STRAMPLER LANGARM - Body
livraison X; ProFashion GmbH; STRETCH MIT ZIERNAHT - Legging
livraison X; Etam Paris; SUBLIME WE CARE CLASSIQUE - Soutien-gorge Ã  armatures
livraison X; Brand Trotter; SurvÃªtement
livraison X; Brand Trotter; Sweat Ã  capuche
livraison X; Zalando; Sweat Ã  capuche zippé
livraison X; Element; Sweatshirt
livraison X; ProFashion GmbH; Sweatshirt
livraison X; River Island; Sweatshirt
livraison X; Reebok; TANK - Débardeur
livraison X; Zalando; TAPE OVERHEAD HOOD - T-shirt Ã  manches longues
livraison X; Zalando; THE FASHION SET - Costume
livraison X; surf4shoes; T-MODELL - Chaussons
livraison X; Element; TOPAZ C3 - Baskets basses
livraison Livraison gratuite; Zalando; TORO PRO GTX LO WS - Chaussures de marche
livraison X; Zalando; T-shirt Ã  manches longues
livraison X; Zalando; T-shirt Ã  manches longues
livraison X; ProFashion GmbH; T-shirt Ã  manches longues
livraison X; DANISH ENDURANCE; T-shirt Ã  manches longues
livraison X; Zalando; T-shirt imprimé
livraison X; KEY LARGO; T-shirt imprimé
livraison Livraison gratuite; Zalando; TWITCH RUNNER - Chaussures de running
livraison X; PUMA; ULTRA FLEX SLEEVE - Protège-tibias
livraison X; Zalando; UNISEX - T-shirt imprimé
livraison X; KEY LARGO; VALLEY - Sweat Ã  capuche
livraison X; Ellos Group; VEGA - Robe longue
livraison X; Zalando; VENT MAX - Veste de survÃªtement
livraison X; Brand Trotter; Veste légère
livraison X; Zalando; Veste mi-saison
livraison X; FILA; Veste mi-saison
livraison X; Stylefile; Veste sans manches
livraison X; Superdry; VINTAGE MERCH STORE - Sweat Ã  capuche
livraison X; Zalando; VMBUMPY SHIRT NEW - Chemisier
livraison X; Zalando; VMJULIANA BOOT - Bottines Ã  plateau
livraison X; Zalando; VMLIANNA SHORT SKIRT - Minijupe
livraison X; Zalando; VMPEPPER ANEA V NECK - Blouse
livraison X; Zalando; VMPEPPER AYA WRAP - Blouse
livraison X; Zalando; VMSABA O NECK STRIPE - Pullover
livraison X; Zalando; WILD FLOWERS DAD TEE - T-shirt imprimé
livraison Livraison gratuite; Zalando; WOMAN JACKET FIX HOOD - Veste imperméable
livraison X; Zalando; YASATHENA STRAP - Débardeur
livraison X; Zalando; YASJELLA PANT - Pantalon classique
livraison X; Zalando; YASRINGO - Pantalon classique
livraison Livraison et retour gratuits; WE Fashion; MET RUITDESSIN - Veste polaire
livraison Livraison gratuite; WE Fashion; REGULAR FIT - Pantalon classique
livraison Livraison gratuite; WAXX STORE; SANS MANCHES SKIN - Veste sans manches
livraison Livraison gratuite; Zalando; VMSABA O NECK STRIPE - Pullover
livraison Livraison gratuite; Zalando; VMPEPPER ANEA V NECK - Blouse
livraison Livraison gratuite; Zalando; VMAVA PLAIN TOP - T-shirt basique
livraison Livraison gratuite; BESTSELLER; GESTREIFTES - T-shirt Ã  manches longues
livraison Livraison gratuite; Zalando; VMRIE OLI WIDE PANTS - Pantalon classique
livraison Livraison gratuite; Purple Store La Rochelle; ORIGINALE APIL - Casquette
livraison Livraison gratuite; Purple Store La Rochelle; TRUCKER TATOO - Casquette
livraison Livraison gratuite; Ferry Jeans Store Paris; Casquette
livraison Livraison gratuite; Vans; DX SKATEPACK - Sac Ã  dos
livraison Livraison gratuite; Vans; BOXED LOGO FORAL SS TEE - T-shirt imprimé
livraison Livraison gratuite; Vans; UA OLD SKOOL - Baskets basses
livraison Livraison gratuite; Popken; PIPINGS UNTERBRUSTBAND VORDER - Maillot de bain
livraison Livraison gratuite; Popken; Maillot de bain
livraison Livraison gratuite; Popken; HERZMUSTER A-LINIE STEHKRAGEN LANGARM - Sweatshirt
livraison Livraison gratuite; Popken; PZOPFMUSTER OVERSIZED STEHKRAGEN Ã„RMELLOS - T-shirt imprimé
livraison Livraison gratuite; Headwear TuTu; ALICE - Autres accessoires
livraison Livraison gratuite; Headwear TuTu; ALICE - Autres accessoires
livraison Livraison gratuite; Headwear TuTu; ALICE - Autres accessoires
livraison Livraison gratuite; Headwear TuTu; FRED - Ã‰charpe tube
livraison Livraison gratuite; Headwear TuTu; FRED - Ã‰charpe tube
livraison Livraison gratuite; Headwear TuTu; ALICIA - Ã‰charpe tube
livraison Livraison gratuite; Headwear TuTu; DARREN - Bonnet
livraison Livraison gratuite; Headwear TuTu; ED - Foulard Ã  cheveux
livraison Livraison gratuite; Headwear TuTu; ED - Foulard Ã  cheveux
livraison Livraison gratuite; Zalando; UNISEX - Chaussures bateau
livraison Livraison gratuite; Zalando;" ""HELIOS - Veste dhiver"""
livraison Livraison gratuite; TREBIUS VALENS; SIGNATURE IMPERIALE - T-shirt basique
livraison Livraison gratuite; Superdry; VINTAGE MERCH STORE - Sweat Ã  capuche
livraison Livraison gratuite; Superdry; PARACHUTE GRIP - Pantalon cargo
livraison Livraison gratuite; Stradivarius;" ""PACK OF - Boucles doreilles"""
livraison Livraison gratuite; Stradivarius; MIT CUT-OUTS UND ABGETRENNTEN Ã„RMELN - Pullover
livraison Livraison gratuite; Gerry Weber Retail GmbH; POCKET SANDY - Jean slim
livraison Livraison gratuite; #supportthestores; Escarpins
livraison Livraison gratuite; #supportthestores; Escarpins
livraison Livraison gratuite; Zalando; WOVEN DRESS - Robe en jean
livraison Livraison gratuite; Zalando; APPLIQUE LOGO - T-shirt imprimé
livraison Livraison gratuite; Zalando; APPLIQUE LOGO - T-shirt imprimé
livraison Livraison et retour gratuits; TMC; Pullover
livraison Livraison gratuite; Christelle N. Store Vaunaveys-la-Rochette; MORGANE - Blouse
livraison Livraison gratuite; Zalando; SLFSALLI OVERSIZE - Chemisier
livraison Livraison gratuite; Zalando; SLFELKE FLORENTA 3/4 DRESS - Robe longue
livraison Livraison gratuite; Zalando; LAETIZIA - Sac Ã  main
livraison Livraison gratuite; Scotch & Soda; OVERSIZED FLORAL ARTWORK - Sweat Ã  capuche
livraison Livraison gratuite; SHIWI; BEAU - Bikini
livraison Livraison gratuite; Popken; ELASTISCHE TAILLE LANGARM - Robe en jean
livraison Livraison gratuite; Roxy; BEACH CLASSICS HIPSTERBASIC - Bas de bikini
livraison Livraison gratuite; Roxy; LIGHTS OUT B - Sweatshirt
livraison Livraison gratuite; River Island; RI MONOGRAM BUNDLE - Portefeuille
livraison Livraison gratuite; River Island; Chemise
livraison Livraison gratuite; River Island; Robe de jour
livraison Livraison et retour gratuits; P4 Markets; COLLEGE SLIP OVER - T-shirt imprimé
livraison Livraison gratuite; Reebok; IDENTITY STACKED LOGO - Sweat Ã  capuche
livraison Livraison gratuite; Reebok; NEW BIG LOGO - Brassières de sport Ã  maintien léger
livraison Livraison gratuite; Reebok; Pantalon de survÃªtement
livraison Livraison gratuite; Reebok; IDENTITY - Short de sport
livraison Livraison gratuite; Reebok; BRAND PROUD - Sweat Ã  capuche
livraison Livraison gratuite; Reebok; ROYAL COMPLETE CLN 2 - Baskets basses
livraison Livraison gratuite; Shopping Factory; BEN - Moufles
livraison Livraison gratuite; schulz outdoor outlet GmbH; REGATTA PIMLO WALKING - Sweat polaire
livraison Livraison gratuite; Zalando; NOTCH STRIPE FLUTE - Pullover
livraison Livraison gratuite; Zalando; TIE FRONT SHIRT - Chemisier
livraison Livraison gratuite; Zalando; CONTRAST RAGLAN - T-shirt Ã  manches longues
livraison Livraison gratuite; Zalando; WILD FLOWERS DAD TEE - T-shirt imprimé
livraison Livraison gratuite; Quiksilver; SNACKEY GARDIAN - Sweatshirt
livraison Livraison gratuite; Quiksilver; BAYRISE EQYFT04763 - Sweatshirt
livraison Livraison gratuite; Quiksilver; CARVER CORE - Tongs
livraison Livraison gratuite; PUMA; MIRAGE - Chaussures premiers pas
livraison Livraison gratuite; PUMA; SMASH BUCK - Baskets basses
livraison Livraison gratuite; Zalando; ART - T-shirt imprimé
livraison Livraison gratuite; Zalando; CREW - Sweatshirt
livraison Livraison gratuite; Zalando; PCRUKA - T-shirt Ã  manches longues
livraison Livraison gratuite; Paul Costelloe; MALEWA - Sac bandoulière
livraison Livraison gratuite; Paul Costelloe; NIEVA - Sac Ã  main
livraison Livraison gratuite; Zalando; ONSLAW STRUCTURE PANT - Pantalon classique
livraison Livraison gratuite; Zalando; Chemise
livraison Livraison gratuite; Zalando; Chemise
livraison Livraison gratuite; Zalando; CARIBI O NECK - Gilet
livraison Livraison gratuite; #supportthestores; RICHARD - Chemise
livraison Livraison et retour gratuits; No Name; Bottines Ã  plateau
livraison Livraison gratuite; New Look Germany (GmbH); CHECK HIGH WAIST - Legging
livraison Livraison gratuite; Zalando; LOGO STRAIGHT PANT - Pantalon de survÃªtement
livraison Livraison gratuite; Shopping Factory; HORLOGES - Montre Ã  affichage digital
livraison Livraison gratuite; BESTSELLER; STRAMPLER LANGARM - Body
livraison Livraison gratuite; BESTSELLER; STRAMPLER LANGARM - Body
livraison Livraison gratuite; BESTSELLER; STRAMPLER LANGARM - Body
livraison Livraison gratuite; BESTSELLER; NBMTOBBIE LS BOX - T-shirt Ã  manches longues
livraison Livraison gratuite; BESTSELLER; AMONG US - T-shirt imprimé
livraison Livraison gratuite; Zalando; TEE YOGA - T-shirt Ã  manches longues
livraison Livraison gratuite; MAISON MONTAGUT; AVEC LOGO EN - Gilet
livraison Livraison gratuite; MAISON MONTAGUT; AVEC LOGO - Pullover
livraison Livraison gratuite; MAISON MONTAGUT; Ã€ CAPUCHE AVEC POCHES EN - FABIO - Sweat Ã  capuche
livraison Livraison gratuite; MAISON MONTAGUT; COL V EN - EVANN - Pullover
livraison Livraison gratuite; MAISON MONTAGUT; COL V EN - Pullover
livraison Livraison gratuite; MAISON MONTAGUT; COL V EN - Pullover
livraison Livraison gratuite; MAISON MONTAGUT; MANCHES CHAUVE-SOURIS EN - BOXE - Pullover
livraison Livraison gratuite; engelhorn; ALGHERO - Pullover
livraison Livraison gratuite; MS Mode; Pullover
livraison Livraison et retour gratuits;" ""Maniita Lacitta"""; STEFANI - TWEED - Robe de jour
livraison Livraison et retour gratuits; Minimum; FIENNA - T-shirt Ã  manches longues
livraison Livraison et retour gratuits; Minimum; FIENNA - T-shirt Ã  manches longues
livraison Livraison gratuite; TheWan Store Paris; ROEL PORTABLE - Ã‰tui Ã  portable
livraison Livraison gratuite; TheWan Store Paris; ROEL PORTABLE - Ã‰tui Ã  portable
livraison Livraison gratuite; Zalando;" ""JACKET STAND UP COLLAR DRAWSTRING HEM - Veste dhiver"""
livraison Livraison gratuite; mamino; MIT V-AUSSCHNITT - Pullover
livraison Livraison gratuite; mamino; MIT V-AUSSCHNITT - Pullover
livraison Livraison gratuite; mamino; MIT U-BOOT-AUSSCHNITT - Pullover
livraison Livraison gratuite; Zalando; Veste mi-saison
livraison Livraison gratuite; Massimo Dutti; PLAIN - Cravate
livraison Livraison gratuite; Massimo Dutti; PLAIN - Cravate
livraison Livraison gratuite; Massimo Dutti; Cravate
livraison Livraison gratuite; Massimo Dutti; Ã‰charpe
livraison Livraison gratuite; Massimo Dutti; CREPE - Ã‰charpe
livraison Livraison gratuite; Massimo Dutti; T-shirt basique
livraison Livraison gratuite; Massimo Dutti; WITH CENTRAL SEAM 05043702 - Pantalon classique
livraison Livraison gratuite; Zalando; FLORAL EMBELLISHED CAMI MAXI DRESS - Robe de cocktail
livraison Livraison gratuite; TOM & CHLOE Store Tours; Combinaison de ski
livraison Livraison gratuite; #supportthestores; ELENA - Blouse
livraison Livraison gratuite;" ""LExclusive"""; SAISON UNISEX - T-shirt imprimé
livraison Livraison gratuite; heyconnect; DOPPELPACK - Collants
livraison Livraison gratuite; Zalando; MONOGRAM LARGE ANDIE DRAWSTRING - Sac Ã  main
livraison Livraison gratuite; Zalando; HAT - Chapeau
livraison Livraison gratuite; Zalando; RIO - Haut de bikini
livraison Livraison gratuite; Zalando; CARDIGAN VANESSA - Gilet
livraison Livraison gratuite; Zalando; CARDIGAN VANESSA - Gilet
livraison Livraison gratuite; Zalando; ELOISA - Blazer
livraison Livraison gratuite; Zalando; HINGED BANGLE - Bracelet
livraison Livraison et retour gratuits; DK company; GENNIKB - Blouse
livraison Livraison et retour gratuits; DK company; KCHELLA - Robe de jour
livraison Livraison et retour gratuits; Karl Lagerfeld; MONOGRAM ALL-OVER - Collier
livraison Livraison et retour gratuits; Zalando; DAZZLE CHOKER - Collier
livraison Livraison gratuite; Kazar; HANSEL - Bottines
livraison Livraison gratuite; Zalando; JDYALICE SHIRT - Chemisier
livraison Livraison et retour gratuits; Ecom Brands; JONA MEDIUM STYLISC - Sac Ã  dos
livraison Livraison et retour gratuits; Ecom Brands; JONA MEDIUM STYLISC - Sac Ã  dos
livraison Livraison gratuite; Zalando; COSMA PURSE - Portefeuille
livraison Livraison gratuite; BESTSELLER; JJECORP LOGO SS PLAY NOOS JNR - T-shirt imprimé
livraison Livraison gratuite; Zalando; JORBECKS CREW NECK - Sweatshirt
livraison Livraison gratuite; Zalando; JJHILL HIGH NECK CARDIGAN - Gilet
livraison Livraison gratuite; Zalando; BLOUSON SLEEVE BUSTIER RUCHED DETAIL MINI DRESS - Robe de soirée
livraison Livraison gratuite; #supportthestores; EVEREST FUNDUS - Mules
livraison Livraison gratuite; Gerry Weber Retail GmbH; Pullover
livraison Livraison gratuite; Mueller and Meirer Retail GmbH Co.KG; BE DIFFERENT - Portefeuille
livraison Livraison gratuite; Gerry Weber Retail GmbH;" ""Veste dhiver"""
livraison Livraison gratuite; Gerry Weber Retail GmbH; 1/2 ARM KURZARM - Polo
livraison Livraison gratuite; Guess; Ceinture
livraison Livraison gratuite; modeherz; MAILA - Sac Ã  main
livraison Livraison gratuite; Guess; Sac Ã  main
livraison Livraison gratuite; Guess; MIT KAPUZE - Parka
livraison Livraison gratuite; Guess; MIT ALLOVER-PRINT - Robe de jour
livraison Livraison gratuite; Guess; SEITLICHES BLUMEN-LOGO - Pantalon de survÃªtement
livraison Livraison gratuite; Zalando; ANJA DRESS - Robe pull
livraison Livraison gratuite; Zalando; GRY BLOUSE - Blouse
livraison Livraison gratuite; #supportthestores; J VANIETT - Sandales de randonnée
livraison Livraison gratuite; Zalando; T-shirt basique
livraison Livraison gratuite; Zalando; SLUB SCOOP TEE - T-shirt Ã  manches longues
livraison Livraison gratuite; Furla; FURLA OPPORTUNITY L - Cabas
livraison Livraison gratuite; Zalando; SLEEVE LOGO LONG SLEEVE - Pullover
livraison Livraison gratuite; Zalando; CANEDO STRIPE - T-shirt imprimé
livraison Livraison gratuite; Zalando; BAREFOOT UNISEX - Chaussures Ã  scratch
livraison Livraison gratuite; Zalando; ROSARIO VEGAN UNISEX - Baskets basses
livraison Livraison gratuite; Zalando; MARY F - Ballerines
livraison Livraison gratuite; Etam Paris; Slip
livraison Livraison gratuite; Etam Paris; BELLI - Haut de pyjama
livraison Livraison gratuite; Etam Paris; BEKA - Haut de pyjama
livraison Livraison gratuite; Etam Paris; SUBLIME WE CARE CLASSIQUE - Soutien-gorge Ã  armatures
livraison Livraison gratuite; Element; TREELOGO - Casquette
livraison Livraison gratuite; Element; CORNELL - Sweat Ã  capuche
livraison Livraison gratuite; Element; CORNELL - Sweat Ã  capuche
livraison Livraison gratuite; P4 Markets;" ""MARLIN - Veste dhiver"""
livraison Livraison gratuite; P4 Markets; Robe pull
livraison Livraison gratuite; P4 Markets; FLORIANE - Pantalon classique
livraison Livraison et retour gratuits; Ellos Group;" ""BABBA - Veste dhiver"""
livraison Livraison et retour gratuits; Ellos Group; VEGA - Robe longue
livraison Livraison gratuite; Zalando; Jean slim
livraison Livraison gratuite; Zalando; STANHOPE - Montre
livraison Livraison gratuite; Diesel; T-SLI-G3 - T-shirt imprimé
livraison Livraison gratuite; DeFacto; SET REGULAR FIT - Pyjama
livraison Livraison gratuite; DeFacto; REGULAR FIT - Chemise de nuit / Nuisette
livraison Livraison gratuite; DeFacto; Pochette
livraison Livraison gratuite; DeFacto; Blouson Bomber
livraison Livraison gratuite; DeFacto; REGULAR FIT - Sweatshirt
livraison Livraison gratuite; DeFacto; REGULAR FIT - Sweat Ã  capuche
livraison Livraison gratuite; DeFacto; Sweat polaire
livraison Livraison gratuite; DeFacto; PEDRO - Jean slim
livraison Livraison gratuite; DeFacto; Chemisier
livraison Livraison gratuite; DeFacto; OVERSIZE FIT - Chemisier
livraison Livraison gratuite; DeFacto; Robe longue
livraison Livraison et retour gratuits; Desigual; Sweatshirt
livraison Livraison gratuite; Zalando; MAGIC BASKET MID TWIN UNISEX - Baskets montantes
livraison Livraison gratuite; CHASIN; HOODIE TRIBE - Sweatshirt
livraison Livraison gratuite; KOFFER.COM; WILLOW - Sac Ã  main
livraison Livraison gratuite; KOFFER.COM; Ã‰tui Ã  clefs
livraison Livraison gratuite; modeherz; Sac bandoulière
livraison Livraison gratuite; Claudie Pierlot; ANGELANEWTARTAN - Sac bandoulière
livraison Livraison gratuite; CARLO COLUCCI; MIT SAFFIANO-PRÃ„GUNG CHITI - Ceinture
livraison Livraison gratuite; Zalando; LOW CUT SHOE SPRINT - Chaussures fitness
livraison Livraison gratuite; Zalando; LOW CUT SHOE SPRINT - Chaussures fitness
livraison Livraison gratuite; Zalando; LOW CUT SHOE SPRINT - Chaussures fitness
livraison Livraison gratuite; Zalando; LOW CUT SHOE PEONY - Chaussures fitness
livraison Livraison gratuite; C&A Mode GmbH & Co. KG; 2 PACK - Sweatshirt
livraison Livraison et retour gratuits; C&A Mode GmbH & Co. KG; Jeans Skinny
livraison Livraison gratuite; LOL SHOES Store Marseille; 3 POMPONS JUS DE POMME - Bonnet
livraison Livraison gratuite; Stylefile; BULO POINT JACKET OMNI-HEAT-INFINITY - Doudoune
livraison Livraison gratuite; Stylefile; CROPPED - Veste en jean
livraison Livraison gratuite; Brooks Brothers; MILANO SLIM FIT - Chemise
livraison Livraison gratuite; Billabong; MORE FUN - Bas de bikini
livraison Livraison gratuite; Bershka; Cabas
livraison Livraison gratuite; Bershka; BOXY-FIT SHORT SLEEVE ONE PIECE - T-shirt imprimé
livraison Livraison gratuite; Bershka; BOXY FIT SHORT SLEEVE WITH CONTRAST THREAD - T-shirt imprimé
livraison Livraison gratuite; Bershka; MICKEY - PRINT - Sweat Ã  capuche
livraison Livraison gratuite; Bershka; Pullover
livraison Livraison gratuite; Zalando; RACEMASTER JACKET - Veste légère
livraison Livraison gratuite; Zalando; Débardeur
livraison Livraison gratuite; Zalando; BEKA UNISEX - Sandales
livraison Livraison gratuite; modeherz; Mallette
livraison Livraison gratuite; TheWan Store Paris; LINA - Cache-oreilles
livraison Livraison gratuite; TheWan Store Paris; LINA - Cache-oreilles
livraison Livraison gratuite; TheWan Store Paris; LINA - Cache-oreilles
livraison Livraison gratuite; TheWan Store Paris; LINA - Cache-oreilles
livraison Livraison et retour gratuits; BIMBA Y LOLA; Santiags
livraison Livraison gratuite; ARMEDANGELS; DAVINJAA SOFT - Pullover
livraison Livraison gratuite; ARMEDANGELS; LAARNI - Pullover
livraison Livraison gratuite; Zalando; ONE SHOULDER RUFFLE DRESS - Robe de soirée
livraison Livraison et retour gratuits; Blackskies; MALLEUM ANHÃ„NGER - Collier
livraison Livraison et retour gratuits; Blackskies; MALLEUM ANHÃ„NGER - Collier
livraison Livraison gratuite; Zalando; T-shirt imprimé
livraison Livraison gratuite; adidas; STAR - Chaussures de running stables
livraison Livraison gratuite; adidas; ADIBREAK - Pantalon de survÃªtement
livraison Livraison gratuite; Zalando; KAYANNIE - Sac Ã  main
livraison Livraison et retour gratuits; AGI; SNOWMASS - Bottines Ã  lacets
livraison Livraison gratuite; Zalando; ROXANNE ANKLE - Jeans Skinny
livraison Livraison gratuite; Zalando; Robe en jean
livraison Livraison gratuite; Zalando; ALPHA INDUSTRIES PADDED OVERSHIRT - Blouson Bomber
livraison Livraison gratuite; Zalando; ALPHA INDUSTRIES JACKET - Blouson Bomber
livraison Livraison gratuite; ProFashion GmbH; Ã‰charpe
livraison Livraison gratuite; ProFashion GmbH; MIT AUFDRUCK - Ã‰charpe
livraison Livraison gratuite; ProFashion GmbH; MIT KRAGEN - Robe pull
livraison Livraison gratuite; ProFashion GmbH; PERFECT BODY MIT REISSVERSCHLUSSTASCHEN - Pantalon classique
livraison Livraison gratuite; ProFashion GmbH; MIT EINGRIFFTASCHEN - Pantalon de survÃªtement
livraison Livraison gratuite; KEY LARGO; TROUBLE - Sweat Ã  capuche
livraison Livraison gratuite; KEY LARGO; MST FOREST ROUND - Pullover
livraison Livraison gratuite; KEY LARGO; MSW STEFANO - Pullover
livraison Livraison gratuite; KEY LARGO; T-shirt imprimé
livraison Livraison gratuite; Shopping Factory; TCHITA-FN - Manteau court
livraison Livraison gratuite; FILA; Veste mi-saison
livraison Livraison gratuite; Brand Trotter;" ""Veste dhiver"""
livraison Livraison gratuite; Brand Trotter; Sweat Ã  capuche
livraison Livraison gratuite; Brand Trotter; CASUAL - Sweatshirt
livraison Livraison gratuite; Brand Trotter; Veste en cuir
livraison Livraison gratuite; Brand Trotter; CASUAL - Veste en cuir
livraison Livraison gratuite; Brand Trotter; HIGH COLLAR - Veste en cuir
livraison Livraison gratuite; Brand Trotter; CASUAL - Veste en cuir
livraison Livraison gratuite; Brand Trotter; CASUAL - Blouson Bomber
livraison Livraison gratuite; Brand Trotter; CASUAL - Veste en cuir
livraison Livraison gratuite; Brand Trotter; Chemisier
livraison Livraison gratuite; Brand Trotter; STRIPED - Robe fourreau
livraison Livraison gratuite; Brand Trotter; CASUAL - Robe de jour
livraison Livraison gratuite; Brand Trotter; SurvÃªtement
livraison Livraison gratuite; Brand Trotter; MIT RUNDHALSAUSSCHNITT - SurvÃªtement
Livraison gratuite;Zalando;PROMOTER - Baskets montantes
Livraison gratuite;Zalando;VIVIDLY - Escarpins
Livraison gratuite;DeFacto;Chemisier
Livraison gratuite;Zalando;ONSIASON SLIM TEE - T-shirt imprimé
Livraison gratuite;Oneill;BAAY MAOI - Bikini
Livraison gratuite;Zalando;JDYBRILLIANT HOOD CARDIGAN - Gilet
Livraison gratuite;DeFacto;REGULAR FIT - Parka
Livraison gratuite;BESTSELLER;FILLI V NECK GA NOOS - T-shirt basique
Livraison gratuite;Zalando;T-shirt Ã  manches longues
Livraison gratuite;Vans;DEANA - Sac de randonnée
Livraison gratuite;Vans;LEFT CHEST LOGO TEE - T-shirt basique
Livraison gratuite;Steve Madden;BVITAL - Sac bandoulière
Livraison gratuite;Zalando;CHARLIZE - Escarpins Ã  plateforme
Livraison gratuite;Zalando;VALA - Escarpins
Livraison gratuite;Zalando;ICE - T-shirt basique
Livraison gratuite;Zalando;MID CUT SHOE REBOUND 2.0 - Chaussures de basket
Livraison gratuite;Quiksilver;EVERYDAY VOLLEY - Short de bain
Livraison gratuite;Zalando;T-shirt Ã  manches longues
Livraison gratuite;Zalando;Sweat Ã  capuche zippé
Livraison gratuite;Zalando;3 POINT - Chaussures fitness
Livraison gratuite;modeherz;VIKKY - Cabas
Livraison gratuite;Zalando;CHALLENGER UNISEX - Short de sport
Livraison gratuite;Vans;OLD SKOOL - Sac Ã  dos
Livraison gratuite;PUMA;GRAVITON AC UNISEX - Baskets basses
Livraison gratuite;Zalando;CLUB HOODIE - Sweat Ã  capuche
Livraison gratuite;Oneill;CALI - Short de bain
Livraison gratuite;Zalando;LOW CUT SHOE REBOUND 2.0 UNISEX - Chaussures de basket
Livraison et retour gratuits;WE Fashion;Polo
Livraison et retour gratuits;Victoria Hyde;UHR PRAGUE - Montre
Livraison gratuite;Zalando;PRINTED DUNE SKY TANKLETTE - Débardeur
Livraison gratuite;Superdry;STUDIOS - Débardeur
Livraison gratuite;Misako;LAMITA - Sac bandoulière
Livraison gratuite;Guess;ALLOVER LOGO - Blouson
Livraison gratuite;Zalando;LOW CUT SHOE REBOUND 2.0 UNISEX - Chaussures de basket
Livraison gratuite;Zalando;LOW CUT SHOE JOLT - Chaussures de course
Livraison gratuite;Zalando;RENEW IN SEASON TR 12 - Chaussures fitness
Livraison gratuite;Brand Trotter;Sweat Ã  capuche
Livraison gratuite;ProFashion GmbH;Jean flare
Livraison gratuite;ProFashion GmbH;LONG STYLE - Gilet
Livraison gratuite;ProFashion GmbH;STRETCH MIT ZIERNAHT - Legging
Livraison gratuite;Zalando;YASLIZZIE STRAIGHT PANT - Pantalon classique
Livraison gratuite;Zalando;YASRINGO HIGH WAIST FLARED PANT CELEB - Pantalon classique
Livraison gratuite;Zalando;YASLIZZIE BUSTIER CELEB - Débardeur
Livraison gratuite;Zalando;PALPITI - Jean bootcut
Livraison et retour gratuits;WE Fashion;MET RUITDESSIN - Veste polaire
Livraison gratuite;WE Fashion;REGULAR FIT - Pantalon classique
Livraison gratuite;WAXX STORE;SANS MANCHES SKIN - Veste sans manches
Livraison gratuite;Zalando;VMSABA O NECK STRIPE - Pullover
Livraison gratuite;Zalando;VMPEPPER ANEA V NECK - Blouse
Livraison gratuite;Zalando;VMAVA PLAIN TOP - T-shirt basique
Livraison gratuite;BESTSELLER;GESTREIFTES - T-shirt Ã  manches longues
Livraison gratuite;Zalando;VMRIE OLI WIDE PANTS - Pantalon classique
Livraison gratuite;Purple Store La Rochelle;ORIGINALE APIL - Casquette
Livraison gratuite;Purple Store La Rochelle;TRUCKER TATOO - Casquette
Livraison gratuite;Ferry Jeans Store Paris;Casquette
Livraison gratuite;Vans;DX SKATEPACK - Sac Ã  dos
Livraison gratuite;Vans;BOXED LOGO FORAL SS TEE - T-shirt imprimé
Livraison gratuite;Vans;UA OLD SKOOL - Baskets basses
Livraison gratuite;Popken;PIPINGS UNTERBRUSTBAND VORDER - Maillot de bain
Livraison gratuite;Popken;Maillot de bain
Livraison gratuite;Popken;HERZMUSTER A-LINIE STEHKRAGEN LANGARM - Sweatshirt
Livraison gratuite;Popken;PZOPFMUSTER OVERSIZED STEHKRAGEN Ã„RMELLOS - T-shirt imprimé
Livraison gratuite;Headwear TuTu;ALICE - Autres accessoires
Livraison gratuite;Headwear TuTu;ALICE - Autres accessoires
Livraison gratuite;Headwear TuTu;ALICE - Autres accessoires
Livraison gratuite;Headwear TuTu;FRED - Ã‰charpe tube
Livraison gratuite;Headwear TuTu;FRED - Ã‰charpe tube
Livraison gratuite;Headwear TuTu;ALICIA - Ã‰charpe tube
Livraison gratuite;Headwear TuTu;DARREN - Bonnet
Livraison gratuite;Headwear TuTu;ED - Foulard Ã  cheveux
Livraison gratuite;Headwear TuTu;ED - Foulard Ã  cheveux
Livraison gratuite;Zalando;UNISEX - Chaussures bateau
Livraison gratuite;Zalando;"""HELIOS - Veste dhiver"""
Livraison gratuite;TREBIUS VALENS;SIGNATURE IMPERIALE - T-shirt basique
Livraison gratuite;Superdry;VINTAGE MERCH STORE - Sweat Ã  capuche
Livraison gratuite;Superdry;PARACHUTE GRIP - Pantalon cargo
Livraison gratuite;Stradivarius;"""PACK OF - Boucles doreilles"""
Livraison gratuite;Stradivarius;MIT CUT-OUTS UND ABGETRENNTEN Ã„RMELN - Pullover
Livraison gratuite;Gerry Weber Retail GmbH;POCKET SANDY - Jean slim
Livraison gratuite;#supportthestores;Escarpins
Livraison gratuite;#supportthestores;Escarpins
Livraison gratuite;Zalando;WOVEN DRESS - Robe en jean
Livraison gratuite;Zalando;APPLIQUE LOGO - T-shirt imprimé
Livraison gratuite;Zalando;APPLIQUE LOGO - T-shirt imprimé
Livraison et retour gratuits;TMC;Pullover
Livraison gratuite;Christelle N. Store Vaunaveys-la-Rochette;MORGANE - Blouse
Livraison gratuite;Zalando;SLFSALLI OVERSIZE - Chemisier
Livraison gratuite;Zalando;SLFELKE FLORENTA 3/4 DRESS - Robe longue
Livraison gratuite;Zalando;LAETIZIA - Sac Ã  main
Livraison gratuite;Scotch & Soda;OVERSIZED FLORAL ARTWORK - Sweat Ã  capuche
Livraison gratuite;SHIWI;BEAU - Bikini
Livraison gratuite;Popken;ELASTISCHE TAILLE LANGARM - Robe en jean
Livraison gratuite;Roxy;BEACH CLASSICS HIPSTERBASIC - Bas de bikini
Livraison gratuite;Roxy;LIGHTS OUT B - Sweatshirt
Livraison gratuite;River Island;RI MONOGRAM BUNDLE - Portefeuille
Livraison gratuite;River Island;Chemise
Livraison gratuite;River Island;Robe de jour
Livraison et retour gratuits;P4 Markets;COLLEGE SLIP OVER - T-shirt imprimé
Livraison gratuite;Reebok;IDENTITY STACKED LOGO - Sweat Ã  capuche
Livraison gratuite;Reebok;NEW BIG LOGO - Brassières de sport Ã  maintien léger
Livraison gratuite;Reebok;Pantalon de survÃªtement
Livraison gratuite;Reebok;IDENTITY - Short de sport
Livraison gratuite;Reebok;BRAND PROUD - Sweat Ã  capuche
Livraison gratuite;Reebok;ROYAL COMPLETE CLN 2 - Baskets basses
Livraison gratuite;Shopping Factory;BEN - Moufles
Livraison gratuite;schulz outdoor outlet GmbH;REGATTA PIMLO WALKING - Sweat polaire
Livraison gratuite;Zalando;NOTCH STRIPE FLUTE - Pullover
Livraison gratuite;Zalando;TIE FRONT SHIRT - Chemisier
Livraison gratuite;Zalando;CONTRAST RAGLAN - T-shirt Ã  manches longues
Livraison gratuite;Zalando;WILD FLOWERS DAD TEE - T-shirt imprimé
Livraison gratuite;Quiksilver;SNACKEY GARDIAN - Sweatshirt
Livraison gratuite;Quiksilver;BAYRISE EQYFT04763 - Sweatshirt
Livraison gratuite;Quiksilver;CARVER CORE - Tongs
Livraison gratuite;PUMA;MIRAGE - Chaussures premiers pas
Livraison gratuite;PUMA;SMASH BUCK - Baskets basses
Livraison gratuite;Zalando;ART - T-shirt imprimé
Livraison gratuite;Zalando;CREW - Sweatshirt
Livraison gratuite;Zalando;PCRUKA - T-shirt Ã  manches longues
Livraison gratuite;Paul Costelloe;MALEWA - Sac bandoulière
Livraison gratuite;Paul Costelloe;NIEVA - Sac Ã  main
Livraison gratuite;Zalando;ONSLAW STRUCTURE PANT - Pantalon classique
Livraison gratuite;Zalando;Chemise
Livraison gratuite;Zalando;Chemise
Livraison gratuite;Zalando;CARIBI O NECK - Gilet
Livraison gratuite;#supportthestores;RICHARD - Chemise
Livraison et retour gratuits;No Name;Bottines Ã  plateau
Livraison gratuite;New Look Germany (GmbH);CHECK HIGH WAIST - Legging
Livraison gratuite;Zalando;LOGO STRAIGHT PANT - Pantalon de survÃªtement
Livraison gratuite;Shopping Factory;HORLOGES - Montre Ã  affichage digital
Livraison gratuite;BESTSELLER;STRAMPLER LANGARM - Body
Livraison gratuite;BESTSELLER;STRAMPLER LANGARM - Body
Livraison gratuite;BESTSELLER;STRAMPLER LANGARM - Body
Livraison gratuite;BESTSELLER;NBMTOBBIE LS BOX - T-shirt Ã  manches longues
Livraison gratuite;BESTSELLER;AMONG US - T-shirt imprimé
Livraison gratuite;Zalando;TEE YOGA - T-shirt Ã  manches longues
Livraison gratuite;MAISON MONTAGUT;AVEC LOGO EN - Gilet
Livraison gratuite;MAISON MONTAGUT;AVEC LOGO - Pullover
Livraison gratuite;MAISON MONTAGUT;Ã€ CAPUCHE AVEC POCHES EN - FABIO - Sweat Ã  capuche
Livraison gratuite;MAISON MONTAGUT;COL V EN - EVANN - Pullover
Livraison gratuite;MAISON MONTAGUT;COL V EN - Pullover
Livraison gratuite;MAISON MONTAGUT;COL V EN - Pullover
Livraison gratuite;MAISON MONTAGUT;MANCHES CHAUVE-SOURIS EN - BOXE - Pullover
Livraison gratuite;engelhorn;ALGHERO - Pullover
Livraison gratuite;MS Mode;Pullover
Livraison et retour gratuits;"""Maniita Lacitta""";STEFANI - TWEED - Robe de jour
Livraison et retour gratuits;Minimum;FIENNA - T-shirt Ã  manches longues
Livraison et retour gratuits;Minimum;FIENNA - T-shirt Ã  manches longues
Livraison gratuite;TheWan Store Paris;ROEL PORTABLE - Ã‰tui Ã  portable
Livraison gratuite;TheWan Store Paris;ROEL PORTABLE - Ã‰tui Ã  portable
Livraison gratuite;Zalando;"""JACKET STAND UP COLLAR DRAWSTRING HEM - Veste dhiver"""
Livraison gratuite;mamino;MIT V-AUSSCHNITT - Pullover
Livraison gratuite;mamino;MIT V-AUSSCHNITT - Pullover
Livraison gratuite;mamino;MIT U-BOOT-AUSSCHNITT - Pullover
Livraison gratuite;Zalando;Veste mi-saison
Livraison gratuite;Massimo Dutti;PLAIN - Cravate
Livraison gratuite;Massimo Dutti;PLAIN - Cravate
Livraison gratuite;Massimo Dutti;Cravate
Livraison gratuite;Massimo Dutti;Ã‰charpe
Livraison gratuite;Massimo Dutti;CREPE - Ã‰charpe
Livraison gratuite;Massimo Dutti;T-shirt basique
Livraison gratuite;Massimo Dutti;WITH CENTRAL SEAM 05043702 - Pantalon classique
Livraison gratuite;Zalando;FLORAL EMBELLISHED CAMI MAXI DRESS - Robe de cocktail
Livraison gratuite;TOM & CHLOE Store Tours;Combinaison de ski
Livraison gratuite;#supportthestores;ELENA - Blouse
Livraison gratuite;"""LExclusive""";SAISON UNISEX - T-shirt imprimé
Livraison gratuite;heyconnect;DOPPELPACK - Collants
Livraison gratuite;Zalando;MONOGRAM LARGE ANDIE DRAWSTRING - Sac Ã  main
Livraison gratuite;Zalando;HAT - Chapeau
Livraison gratuite;Zalando;RIO - Haut de bikini
Livraison gratuite;Zalando;CARDIGAN VANESSA - Gilet
Livraison gratuite;Zalando;CARDIGAN VANESSA - Gilet
Livraison gratuite;Zalando;ELOISA - Blazer
Livraison gratuite;Zalando;HINGED BANGLE - Bracelet
Livraison et retour gratuits;DK company;GENNIKB - Blouse
Livraison et retour gratuits;DK company;KCHELLA - Robe de jour
Livraison et retour gratuits;Karl Lagerfeld;MONOGRAM ALL-OVER - Collier
Livraison et retour gratuits;Zalando;DAZZLE CHOKER - Collier
Livraison gratuite;Kazar;HANSEL - Bottines
Livraison gratuite;Zalando;JDYALICE SHIRT - Chemisier
Livraison et retour gratuits;Ecom Brands;JONA MEDIUM STYLISC - Sac Ã  dos
Livraison et retour gratuits;Ecom Brands;JONA MEDIUM STYLISC - Sac Ã  dos
Livraison gratuite;Zalando;COSMA PURSE - Portefeuille
Livraison gratuite;BESTSELLER;JJECORP LOGO SS PLAY NOOS JNR - T-shirt imprimé
Livraison gratuite;Zalando;JORBECKS CREW NECK - Sweatshirt
Livraison gratuite;Zalando;JJHILL HIGH NECK CARDIGAN - Gilet
Livraison gratuite;Zalando;BLOUSON SLEEVE BUSTIER RUCHED DETAIL MINI DRESS - Robe de soirée
Livraison gratuite;#supportthestores;EVEREST FUNDUS - Mules
Livraison gratuite;Gerry Weber Retail GmbH;Pullover
Livraison gratuite;Mueller and Meirer Retail GmbH Co.KG;BE DIFFERENT - Portefeuille
Livraison gratuite;Gerry Weber Retail GmbH;"""Veste dhiver"""
Livraison gratuite;Gerry Weber Retail GmbH;1/2 ARM KURZARM - Polo
Livraison gratuite;Guess;Ceinture
Livraison gratuite;modeherz;MAILA - Sac Ã  main
Livraison gratuite;Guess;Sac Ã  main
Livraison gratuite;Guess;MIT KAPUZE - Parka
Livraison gratuite;Guess;MIT ALLOVER-PRINT - Robe de jour
Livraison gratuite;Guess;SEITLICHES BLUMEN-LOGO - Pantalon de survÃªtement
Livraison gratuite;Zalando;ANJA DRESS - Robe pull
Livraison gratuite;Zalando;GRY BLOUSE - Blouse
Livraison gratuite;#supportthestores;J VANIETT - Sandales de randonnée
Livraison gratuite;Zalando;T-shirt basique
Livraison gratuite;Zalando;SLUB SCOOP TEE - T-shirt Ã  manches longues
Livraison gratuite;Furla;FURLA OPPORTUNITY L - Cabas
Livraison gratuite;Zalando;SLEEVE LOGO LONG SLEEVE - Pullover
Livraison gratuite;Zalando;CANEDO STRIPE - T-shirt imprimé
Livraison gratuite;Zalando;BAREFOOT UNISEX - Chaussures Ã  scratch
Livraison gratuite;Zalando;ROSARIO VEGAN UNISEX - Baskets basses
Livraison gratuite;Zalando;MARY F - Ballerines
Livraison gratuite;Etam Paris;Slip
Livraison gratuite;Etam Paris;BELLI - Haut de pyjama
Livraison gratuite;Etam Paris;BEKA - Haut de pyjama
Livraison gratuite;Etam Paris;SUBLIME WE CARE CLASSIQUE - Soutien-gorge Ã  armatures
Livraison gratuite;Element;TREELOGO - Casquette
Livraison gratuite;Element;CORNELL - Sweat Ã  capuche
Livraison gratuite;Element;CORNELL - Sweat Ã  capuche
Livraison gratuite;P4 Markets;"""MARLIN - Veste dhiver"""
Livraison gratuite;P4 Markets;Robe pull
Livraison gratuite;P4 Markets;FLORIANE - Pantalon classique
Livraison et retour gratuits;Ellos Group;"""BABBA - Veste dhiver"""
Livraison et retour gratuits;Ellos Group;VEGA - Robe longue
Livraison gratuite;Zalando;Jean slim
Livraison gratuite;Zalando;STANHOPE - Montre
Livraison gratuite;Diesel;T-SLI-G3 - T-shirt imprimé
Livraison gratuite;DeFacto;SET REGULAR FIT - Pyjama
Livraison gratuite;DeFacto;REGULAR FIT - Chemise de nuit / Nuisette
Livraison gratuite;DeFacto;Pochette
Livraison gratuite;DeFacto;Blouson Bomber
Livraison gratuite;DeFacto;REGULAR FIT - Sweatshirt
Livraison gratuite;DeFacto;REGULAR FIT - Sweat Ã  capuche
Livraison gratuite;DeFacto;Sweat polaire
Livraison gratuite;DeFacto;PEDRO - Jean slim
Livraison gratuite;DeFacto;Chemisier
Livraison gratuite;DeFacto;OVERSIZE FIT - Chemisier
Livraison gratuite;DeFacto;Robe longue
Livraison et retour gratuits;Desigual;Sweatshirt
Livraison gratuite;Zalando;MAGIC BASKET MID TWIN UNISEX - Baskets montantes
Livraison gratuite;CHASIN;HOODIE TRIBE - Sweatshirt
Livraison gratuite;KOFFER.COM;WILLOW - Sac Ã  main
Livraison gratuite;KOFFER.COM;Ã‰tui Ã  clefs
Livraison gratuite;modeherz;Sac bandoulière
Livraison gratuite;Claudie Pierlot;ANGELANEWTARTAN - Sac bandoulière
Livraison gratuite;CARLO COLUCCI;MIT SAFFIANO-PRÃ„GUNG CHITI - Ceinture
Livraison gratuite;Zalando;LOW CUT SHOE SPRINT - Chaussures fitness
Livraison gratuite;Zalando;LOW CUT SHOE SPRINT - Chaussures fitness
Livraison gratuite;Zalando;LOW CUT SHOE SPRINT - Chaussures fitness
Livraison gratuite;Zalando;LOW CUT SHOE PEONY - Chaussures fitness
Livraison gratuite;C&A Mode GmbH & Co. KG;2 PACK - Sweatshirt
Livraison et retour gratuits;C&A Mode GmbH & Co. KG;Jeans Skinny
Livraison gratuite;LOL SHOES Store Marseille;3 POMPONS JUS DE POMME - Bonnet
Livraison gratuite;Stylefile;BULO POINT JACKET OMNI-HEAT-INFINITY - Doudoune
Livraison gratuite;Stylefile;CROPPED - Veste en jean
Livraison gratuite;Brooks Brothers;MILANO SLIM FIT - Chemise
Livraison gratuite;Billabong;MORE FUN - Bas de bikini
Livraison gratuite;Bershka;Cabas
Livraison gratuite;Bershka;BOXY-FIT SHORT SLEEVE ONE PIECE - T-shirt imprimé
Livraison gratuite;Bershka;BOXY FIT SHORT SLEEVE WITH CONTRAST THREAD - T-shirt imprimé
Livraison gratuite;Bershka;MICKEY - PRINT - Sweat Ã  capuche
Livraison gratuite;Bershka;Pullover
Livraison gratuite;Zalando;RACEMASTER JACKET - Veste légère
Livraison gratuite;Zalando;Débardeur
Livraison gratuite;Zalando;BEKA UNISEX - Sandales
Livraison gratuite;modeherz;Mallette
Livraison gratuite;TheWan Store Paris;LINA - Cache-oreilles
Livraison gratuite;TheWan Store Paris;LINA - Cache-oreilles
Livraison gratuite;TheWan Store Paris;LINA - Cache-oreilles
Livraison gratuite;TheWan Store Paris;LINA - Cache-oreilles
Livraison et retour gratuits;BIMBA Y LOLA;Santiags
Livraison gratuite;ARMEDANGELS;DAVINJAA SOFT - Pullover
Livraison gratuite;ARMEDANGELS;LAARNI - Pullover
Livraison gratuite;Zalando;ONE SHOULDER RUFFLE DRESS - Robe de soirée
Livraison et retour gratuits;Blackskies;MALLEUM ANHÃ„NGER - Collier
Livraison et retour gratuits;Blackskies;MALLEUM ANHÃ„NGER - Collier
Livraison gratuite;Zalando;T-shirt imprimé
Livraison gratuite;adidas;STAR - Chaussures de running stables
Livraison gratuite;adidas;ADIBREAK - Pantalon de survÃªtement
Livraison gratuite;Zalando;KAYANNIE - Sac Ã  main
Livraison et retour gratuits;AGI;SNOWMASS - Bottines Ã  lacets
Livraison gratuite;Zalando;ROXANNE ANKLE - Jeans Skinny
Livraison gratuite;Zalando;Robe en jean
Livraison gratuite;Zalando;ALPHA INDUSTRIES PADDED OVERSHIRT - Blouson Bomber
Livraison gratuite;Zalando;ALPHA INDUSTRIES JACKET - Blouson Bomber
Livraison gratuite;ProFashion GmbH;Ã‰charpe
Livraison gratuite;ProFashion GmbH;MIT AUFDRUCK - Ã‰charpe
Livraison gratuite;ProFashion GmbH;MIT KRAGEN - Robe pull
Livraison gratuite;ProFashion GmbH;PERFECT BODY MIT REISSVERSCHLUSSTASCHEN - Pantalon classique
Livraison gratuite;ProFashion GmbH;MIT EINGRIFFTASCHEN - Pantalon de survÃªtement
Livraison gratuite;KEY LARGO;TROUBLE - Sweat Ã  capuche
Livraison gratuite;KEY LARGO;MST FOREST ROUND - Pullover
Livraison gratuite;KEY LARGO;MSW STEFANO - Pullover
Livraison gratuite;KEY LARGO;T-shirt imprimé
Livraison gratuite;Shopping Factory;TCHITA-FN - Manteau court
Livraison gratuite;FILA;Veste mi-saison
Livraison gratuite;Brand Trotter;"""Veste dhiver"""
Livraison gratuite;Brand Trotter;Sweat Ã  capuche
Livraison gratuite;Brand Trotter;CASUAL - Sweatshirt
Livraison gratuite;Brand Trotter;Veste en cuir
Livraison gratuite;Brand Trotter;CASUAL - Veste en cuir
Livraison gratuite;Brand Trotter;HIGH COLLAR - Veste en cuir
Livraison gratuite;Brand Trotter;CASUAL - Veste en cuir
Livraison gratuite;Brand Trotter;CASUAL - Blouson Bomber
Livraison gratuite;Brand Trotter;CASUAL - Veste en cuir
Livraison gratuite;Brand Trotter;Chemisier
Livraison gratuite;Brand Trotter;STRIPED - Robe fourreau
Livraison gratuite;Brand Trotter;CASUAL - Robe de jour
Livraison gratuite;Brand Trotter;SurvÃªtement
Livraison gratuite;Brand Trotter;MIT RUNDHALSAUSSCHNITT - SurvÃªtement
X;Ellos Group;"""BABBA - Veste dhiver"""
X;engelhorn;"""TJCU REVERSIBLE CROPPED COACH - Veste dhiver"""
X;Gerry Weber Retail GmbH;1/2 ARM KURZARM - Polo
X;Zalando;2 PACK - Haut de pyjama
X;Zalando;3 POINT - Chaussures fitness
X;Gerry Weber Retail GmbH;3/4 ARM - T-shirt Ã  manches longues
X;MAISON MONTAGUT;Ã€ CAPUCHE AVEC POCHES EN - FABIO - Sweat Ã  capuche
X;Reebok;AC DREAMBLEND - T-shirt Ã  manches longues
X;Quiksilver;AIRFLOW KURZÃ„RMLIGES - Chemise
Livraison gratuite;Zalando;AIRTAG LOOP - Autres accessoires
X;Zalando;ALEX MINI DRESS SENORITA - Robe de soirée
X;Guess;ALLOVER LOGO - Blouson
X;BESTSELLER;AMONG US - T-shirt imprimé
X;Claudie Pierlot;ANATOLE - Escarpins
X;Zalando;ANJA DRESS - Robe pull
Livraison gratuite;Zalando;APPLE 12W USB POWER ADAPTER - Cable chargeur
X;Stylefile;ASHBURN PUFFER - Veste mi-saison
X;Zalando;AYAS - Sweatshirt
X;surf4shoes;Baskets basses
X;Zalando;Baskets basses
X;Quiksilver;BAYRISE EQYFT04763 - Sweatshirt
X;SHIWI;BEAU - Bikini
X;Etam Paris;BELLI - Haut de pyjama
X;Roxy;BETTER THAN EVER - Débardeur
X;Quiksilver;BIG LOGO HOOD - Sweat Ã  capuche
Livraison gratuite;Zalando;BLACKHEAD EXTRACTOR TOOL - Accessoires soin du corps
X;Zalando;Blouse
X;Brand Trotter;Blouson Bomber
X;Element;BLUNT POUR HOMME ELYKT - T-shirt Ã  manches longues
X;Vans;BOOM BOOM CHECK IT - Sweat Ã  capuche
X;FILA;BORMIO REGULAR - T-shirt imprimé
X;Place du Marais;Bottes de neige
X;Bershka;BOXY - T-shirt imprimé
X;Oneill;CALI - Short de bain
X;Zalando;CALL MY LAWYER ACT NOW UNISEX - T-shirt imprimé
X;Etam Paris;CAPTIVANTE - Soutien-gorge Ã  armatures
X;Zalando;CARDIGAN VANESSA - Gilet
X;Brand Trotter;CASUAL - Chemise
X;Brand Trotter;CASUAL - Sweatshirt
X;Brand Trotter;CASUAL - Veste en cuir
X;Zalando;CHARLIZE - Escarpins Ã  plateforme
X;Brand Trotter;CHECKED - Chemisier
X;Brand Trotter;CHECKED - Débardeur
X;America Today;Chemise
X;DeFacto;Chemise
X;Desigual;Chemise
X;Desigual;Chemisier
X;Brand Trotter;Chemisier
X;DeFacto;Chemisier
X;MAISON MONTAGUT;COL V EN - EVANN - Pullover
X;MAISON MONTAGUT;COL V EN - Pullover
X;Minoti PL;COMBAT - Pantalon de survÃªtement
X;Zalando;Combinaison
X;ARMEDANGELS;COMFORT BAARO - Sweatshirt
X;Zalando;CONTRAST FLORAL EMBROIDERED PUFF SLEEVE - Robe de cocktail
X;Zalando;CONTRAST RAGLAN - T-shirt Ã  manches longues
X;Element;CORNELL - Sweat Ã  capuche
X;Element;CORNELL - Sweatshirt
X;Element;CRAIL 3 0 - POUR ELYKT00120 - T-shirt basique
X;Scotch & Soda;CROPPED - Chemisier
X;Zalando;DAROS UNISEX - Sandales
X;engelhorn;DEFEAT - Pullover
X;Outfitter;DESIGNED FOR TRAINING - T-shirt basique
Livraison gratuite;Zalando;DETANGLER PADDLE PRO - Accessoires cheveux
Livraison gratuite;Zalando;DETANGLING COMB - Accessoires cheveux
X;heyconnect;DOPPELPACK - Collants
X;Brand Trotter;DOUBLE SIDE - Veste en cuir
X;Zalando;EAST WEST DRESS - Robe de jour
X;Zalando;ELOISA - Blazer
X;Reebok;ENERGEN - Chaussures de running neutres
X;#supportthestores;EVEREST FUNDUS - Mules
X;Quiksilver;EVERYDAY DELUXE VOLLEY - Short de bain
X;Quiksilver;EVERYDAY VOLLEY - Short de bain
X;Minimum;FIENNA - T-shirt Ã  manches longues
X;Zalando;FILLI V NECK GA NOOS - T-shirt basique
X;adidas;FIREBIRD TP - Pantalon de survÃªtement
Livraison gratuite;Zalando;FLEX DRY PRO - Accessoires cheveux
X;Popken;FLORAL PRINT - Blouse
X;P4 Markets;FLORIANE - Pantalon classique
X;Zalando;GEL QUANTUM 90 GS - Baskets basses
X;DK company;GENNIKB - Blouse
X;DK company;GIGIKB - Pullover
X;C&A Mode GmbH & Co. KG;Gilet
X;Zalando;GLADYS - Bottines Ã  plateau
Livraison gratuite;Zalando;GO GREEN CURLY DETANGLER - Accessoires cheveux
X;Zalando;HARD TIMES PHYSICAL THERAPY UNISEX - T-shirt imprimé
X;WAXX STORE;HELSINKI - Doudoune
X;Brand Trotter;HIGH COLLAR - Veste en cuir
X;Reebok;IDENTITY CLASSICS - T-shirt basique
X;Etam Paris;IDOLE - Soutien-gorge triangle
X;#supportthestores;J VANIETT - Sandales de randonnée
X;Minimum;JALMAR - Pullover
X;Zalando;JDYALICE SHIRT - Chemisier
X;Zalando;JDYBRILLIANT HOOD CARDIGAN - Gilet
X;Zalando;JDYRACHEL - Blouse
X;Diesel;Jean droit
X;BESTSELLER;JJECORP LOGO SS PLAY NOOS JNR - T-shirt imprimé
X;Zalando;JJHILL HIGH NECK CARDIGAN - Gilet
X;Zalando;KARLO UNISEX - Sandales de randonnée
X;DK company;KCHELLA - Robe de jour
X;DK company;KCJALU BBB - Blouse
X;DK company;KCMEDU - Blouse
X;DK company;KCMITTO - Blouse
X;Diesel;K-ELESTO - Pullover
X;Diesel;K-LARAN - Pullover
X;Zalando;KYLA - Veste mi-saison
X;Gerry Weber Retail GmbH;LANGARM MIT STREIFEN-DESSIN - Pullover
X;Zalando;LAURYN - Santiags
X;Zalando;LOGO TRACK JACKET - Veste de survÃªtement
X;Zalando;LOGO TRACK PANTS - Pantalon de survÃªtement
X;Zalando;LORE N-STRAPS - Sandales
X;Zalando;LORE STRAPS - Sandales
X;Roxy;LOVE THE 360 - Haut de bikini
Livraison gratuite;Zalando;LOW CUT SHOE JAUNT - Chaussures fitness
X;Zalando;LOW CUT SHOE REBOUND 2.0 UNISEX - Chaussures de basket
X;Zalando;LOW CUT SHOE SOFTY EVOLVE UNISEX - Chaussures fitness
X;Zalando;LUKA UNISEX - Baskets basses
X;Zalando;MAGLIA GIROCOLLO - Pullover
X;MAISON MONTAGUT;MANCHES CHAUVE-SOURIS EN - BOXE - Pullover
X;Brand Trotter;Manteau court
X;engelhorn;MARLAN - Gilet
X;Melvin and Hamilton;MARLIN 12 - Santiags
X;Zalando;MARY F - Ballerines
X;ABA LABELS;MATISSE - Manteau classique
X;Zalando;MENS - Pullover
X;WE Fashion;MET RUITDESSIN - Veste polaire
X;Zalando;MID CUT SHOE REBOUND 2.0 MID - Chaussures de basket
X;PUMA;MILAN - Pantalon de survÃªtement
Livraison gratuite;Zalando;MINI DETANGLER PRO - Accessoires cheveux
X;ProFashion GmbH;MIT 3/4 ARM - T-shirt Ã  manches longues
X;Gerry Weber Retail GmbH;MIT BLOCKSTREIFEN - Gilet
X;Happy Girls;MIT PERLENBAND - Robe de soirée
X;ProFashion GmbH;MIT PRINT - Pullover
X;Brand Trotter;MIT RUNDHALSAUSSCHNITT - SurvÃªtement
X;CARLO COLUCCI;MIT SCHRIFTZUG CALDERON - Sweat Ã  capuche
X;Brand Trotter;MIT V AUSSCHNITT - Pullover
X;Zalando;MIX TEXTURE - Pullover
X;ABA LABELS;MONIQ - Robe fourreau
X;Billabong;MORE FUN - Bas de bikini
X;Roxy;NATURALLY ACTIVE - Sweatshirt
X;BESTSELLER;NBMTOBBIE LS BOX - T-shirt Ã  manches longues
X;BESTSELLER;NMFRAFA LS BOX - T-shirt Ã  manches longues
X;Zalando;NOTCH STRIPE FLUTE - Pullover
X;Zalando;ONLEMILY DRESS - Robe de jour
X;Zalando;ORIGINAL - T-shirt basique
Livraison gratuite;Zalando;ORIGINAL DETANGLER - Accessoires cheveux
X;Bershka;OVERSIZE CONTRAST THREAD-01857127 - Sweat Ã  capuche
X;Scotch & Soda;OVERSIZED FLORAL ARTWORK - Sweat Ã  capuche
X;Zalando;PAIX - Chaussures premiers pas
X;Zalando;PAIX UNISEX - Chaussures Ã  scratch
X;Zalando;PALPITI - Jean bootcut
X;Brand Trotter;Pantalon classique
X;ABA LABELS;Pantalon classique
X;Zalando;PCRUKA - T-shirt Ã  manches longues
X;DeFacto;PEDRO - Jean slim
X;ProFashion GmbH;PERFECT BODY MIT REISSVERSCHLUSSTASCHEN - Pantalon classique
X;Zalando;PMHANNE - Jeans Skinny
X;#supportthestores;POLICY - Baskets basses
X;River Island;Polo
X;Zalando;PREMIUM EMBROIDERED AND EMBELLISHED MAXI DRESS - Robe de cocktail
X;BESTSELLER;PRINT - Legging
X;Zalando;PROMOTER - Baskets montantes
X;WE Fashion;Pullover
X;Zalando;Pullover
X;Popken;PZOPFMUSTER OVERSIZED STEHKRAGEN Ã„RMELLOS - T-shirt imprimé
X;Zalando;REBOUND 2.0 - Chaussures fitness
X;WE Fashion;REGULAR FIT MET DESSIN - Chemise
X;Quiksilver;RETRO FADE - Sweat Ã  capuche
X;P4 Markets;Robe pull
X;Zalando;ROSARIO VEGAN - Baskets basses
X;Bershka;ROUND NECK - Pullover
X;Brand;SANS MANCHES SKIN - Veste sans manches
X;Superdry;SHEARLING CHORE - Veste en cuir
X;GoJungo;SILVESTER PARTY HAPPY PEOPLE ONLY - T-shirt imprimé
X;Zalando;SLASH-NECK RUCHED MIDI DRESS - Robe longue
X;Zalando;SLFMONIKA HIGH NECK - T-shirt Ã  manches longues
X;Zalando;SLFSALLI OVERSIZE - Chemisier
X;Etam Paris;Slip
X;Quiksilver;SOLID STREAK SURF LONGSLEEVE MIT UPF 50 - T-shirt Ã  manches longues
X;adidas;STAR - Chaussures de running stables
X;"""Maniita Lacitta""";STEFANI - TWEED - Robe de jour
X;Melvin and Hamilton;STEFY - Mocassins
X;BESTSELLER;STRAMPLER LANGARM - Body
X;ProFashion GmbH;STRETCH MIT ZIERNAHT - Legging
X;Etam Paris;SUBLIME WE CARE CLASSIQUE - Soutien-gorge Ã  armatures
X;Brand Trotter;SurvÃªtement
X;Brand Trotter;Sweat Ã  capuche
X;Zalando;Sweat Ã  capuche zippé
X;Element;Sweatshirt
X;ProFashion GmbH;Sweatshirt
X;River Island;Sweatshirt
X;Reebok;TANK - Débardeur
X;Zalando;TAPE OVERHEAD HOOD - T-shirt Ã  manches longues
X;Zalando;THE FASHION SET - Costume
X;surf4shoes;T-MODELL - Chaussons
X;Element;TOPAZ C3 - Baskets basses
Livraison gratuite;Zalando;TORO PRO GTX LO WS - Chaussures de marche
X;Zalando;T-shirt Ã  manches longues
X;Zalando;T-shirt Ã  manches longues
X;ProFashion GmbH;T-shirt Ã  manches longues
X;DANISH ENDURANCE;T-shirt Ã  manches longues
X;Zalando;T-shirt imprimé
X;KEY LARGO;T-shirt imprimé
Livraison gratuite;Zalando;TWITCH RUNNER - Chaussures de running
X;PUMA;ULTRA FLEX SLEEVE - Protège-tibias
X;Zalando;UNISEX - T-shirt imprimé
X;KEY LARGO;VALLEY - Sweat Ã  capuche
X;Ellos Group;VEGA - Robe longue
X;Zalando;VENT MAX - Veste de survÃªtement
X;Brand Trotter;Veste légère
X;Zalando;Veste mi-saison
X;FILA;Veste mi-saison
X;Stylefile;Veste sans manches
X;Superdry;VINTAGE MERCH STORE - Sweat Ã  capuche
X;Zalando;VMBUMPY SHIRT NEW - Chemisier
X;Zalando;VMJULIANA BOOT - Bottines Ã  plateau
X;Zalando;VMLIANNA SHORT SKIRT - Minijupe
X;Zalando;VMPEPPER ANEA V NECK - Blouse
X;Zalando;VMPEPPER AYA WRAP - Blouse
X;Zalando;VMSABA O NECK STRIPE - Pullover
X;Zalando;WILD FLOWERS DAD TEE - T-shirt imprimé
Livraison gratuite;Zalando;WOMAN JACKET FIX HOOD - Veste imperméable
X;Zalando;YASATHENA STRAP - Débardeur
X;Zalando;YASJELLA PANT - Pantalon classique
X;Zalando;YASRINGO - Pantalon classique
